Load Catalogue,Load Image,Generate Image Quads,Match Codes,Convert Index to Coords,Convert to WCS,Test WCS,Calculate Results,Total Time ,N,Found,Image Name,Image_FOV,Pixel Threshold,Match Tolerance,Target RA,Target DEC,Error RA,Error DEC
0.2154712677001953,0.29439592361450195,0.13079142570495605,0.000993490219116211,0.02009749412536621,0.0011017322540283203,0.05070781707763672,0.005884647369384766,0.5481040477752686,32.0,3.0,test_sets/60arcmin2.fits,1,5,0.01,11.999574064037908,11.999461926490776,0.01024397288305856,0.008944454779737043
